{"characterRadius": 0.8, "contourMaxError": 2, "cellSize": 0.2, "walkableHeight": 1.5, "walkableClimb": 0.5, "maxSlope": 30, "maxEdgeLength": 20, "minRegionSize": 20, "editorTileSize": 125, "tileSizeX": 125, "tileSizeZ": 125, "useTiles": true, "relevantGraphSurfaceMode": "DoNotRequire", "rasterizeColliders": false, "rasterizeMeshes": true, "rasterizeTerrain": true, "rasterizeTrees": true, "colliderRasterizeDetail": 10, "mask": { "value": 1 }, "tagMask": [], "terrainSampleSize": 3, "rotation": { "x": 0, "y": 0, "z": 0 }, "forcedBoundsCenter": { "x": 0, "y": 3.39103413, "z": 0 }, "forcedBoundsSize": { "x": 100, "y": 10.4093056, "z": 100 }, "showMeshOutline": false, "showNodeConnections": false, "showMeshSurface": true, "nearestSearchOnlyXZ": false, "guid": { "value": "b9040f4b4ade8c1e-bf29ebc272b22b10" }, "initialPenalty": 0, "open": true, "name": "RecastGraph", "drawGizmos": true, "infoScreenOpen": false}